id;param_key;param_value;parameters_type;description
1;discrete Central African Republic 1080p;Unbranded;Devolved;Intelligent enhance
2;Belize bypass Identity;Dobra Sleek copy;overriding;invoice
3;PNG matrix calculate;Corporate Berkshire;Virtual Shirt Senior;methodologies Cambridgeshire
4;Persistent program deposit;Jewelery motivating;Internal Liaison high-level;synergies
5;back-end;Bacon Mouse;Technician Assistant Facilitator;Granite auxiliary
6;Communications;Communications;grey ROI;Cambridgeshire Horizontal Utah
7;Officer Ergonomic Granite Gloves deposit;payment Tactics Sharable;cyan;Oval
8;policy Computers;next-generation deposit;Salad;eco-centric Chips dot-com
9;withdrawal Cape Verde Metal;override;generate;turn-key
10;optical Hong Kong Dollar Steel;data-warehouse Fresh bypass;Maine;Bridge
